tweet_id,retweet,text,source,screen_name,name,location,description,followers,following,created_at,created_at_seconds,hashtag1,hashtag2,url1,url2,mention1,mention2,lat,lon
251028420761358336,251025954049253376,@IsabelaNarvaez2 @_PaoGarayF Una belieber que justin bieber decia que era su esposa y la mejor amiga de la hermana de justin,web,MafeGonzalezH,Maria Fernanda‚ô°,,#1DJuly23‚ô• 293e6fc9.,596,478,Fri Aug 12 00:24:32 +0000 2011,1348699214.0,,,,,IsabelaNarvaez2,_PaoGarayF,,
251028422170652672,,Da pena que alguien por cumplir su sue√±o y ayudar a los dem√°s sea tan criticado como lo es Justin Bieber.,"<a href=""http://twitter.com/download/iphone"" rel=""nofollow"">Twitter for iPhone</a>",CarlotaLoveJB,"Avalanna, our angel.",All Around The World,¬øQu√© los sue√±os no se cumplen? El dia 4 de Junio toqu√© la mano de mi √≠dolo y el dia 17 me sigui√≥ @justinbieber Te amo #NSN ¬øMi inspiraci√≥n? Kidrauhl.‚ô•,1895,2057,Tue Dec 28 22:11:21 +0000 2010,1348699214.0,,,,,,,42.36702735,-3.65510095
251028425165385728,251027596618391552,@SweattShirtt j'viens de voir c'est un baby qui est mort et qui √©tait fan de justin bieber et dont justin bieber voyait bcp,web,_AliceMp,„Ç¢„É™„Çπ ‚àû,"Evreux, France",,903,526,Fri Nov 04 20:39:32 +0000 2011,1348699215.0,,,,,SweattShirtt,,,
251028426352361472,,#20CantantesQueAmo 2. Justin Bieber. &lt;3,web,ohmyselenur_,D—îs—ÇŒπ–∏—É –ùŒø—Ä—î ‚Ä†,Distrito 4.,"Always be yourself, there's no one better.       | Bieber, Gomez, Cyrus, Lovato, Hutcherson, Lawrence |                ",1161,1445,Thu Dec 22 14:01:24 +0000 2011,1348699215.0,20CantantesQueAmo,,,,,,,
251028426276868097,251021614949494784,"RT @Top_moppen: 'Baby, baby, baby ooh!' Mam: *komt binnen* Luister je Justin Bieber?! Dochter: Nee, Ik kijk porno.' Mam: OH THANK GOD! # ...","<a href=""http://twitter.com/download/android"" rel=""nofollow"">Twitter for Android</a>",klaasjansolle,klaas jan solle,,Its my,54,81,Fri Apr 22 18:10:34 +0000 2011,1348699215.0,,,,,Top_moppen,,,
251028427010887680,,"Justin Bieber, Muerte, Esposa, Avalanna,",web,OneNairo,yeilyn nairobys,,"soy c√∫ls y bonita, ¬øQu√© m√°s puedo pedir?",135,398,Fri Sep 21 02:48:43 +0000 2012,1348699215.0,,,,,,,,
251028426343976962,251028125381689345,"RT @cyruskidrauhl: Justin perdi√≥ a su Mrs Bieber, Jazzy perdi√≥ a su mejor amiga, Las beliebers a una hermana, pero nos cuida desde el ci ...","<a href=""http://twitter.com/download/iphone"" rel=""nofollow"">Twitter for iPhone</a>",_paolagil,FOLLOW ME JUSTIN,En una nube,"03/11 - Latinoamericana. Music, photography, friends, and love ‚àû  @justinbieber - @ddlovato / Love Kidrauhl‚úå  - Venezuela‚ô• ",198,468,Wed Dec 01 13:09:39 +0000 2010,1348699215.0,,,,,cyruskidrauhl,,,
251028427023462400,,"""Solo espero verla crecer y o√≠rla decir que su primer beso fue conmigo"" - Justin Bieber. RIP Avalanna. :(.","<a href=""http://blackberry.com/twitter"" rel=""nofollow"">Twitter for BlackBerry¬Æ</a>",SwaggyGirl0,AvalannaR‚ô• Jusline‚àû.,In My House (Venezuelan).,"12. It's Joy BITCH! I Am Belieber, my music, my taste, my swag, my life, my problem‚ô°#NSN, BTR. Follow me & I will follow you, PEACE.",2369,1484,Tue Mar 15 19:45:44 +0000 2011,1348699215.0,,,,,,,,
251028426780184576,,"O....RT @iKerisus ""RIP Avalanna"" wtf? That hoe was fucking Justin Bieber and pretended she had cancer for attention, smfh, fame whore!!",web,HaleyGotTWISTED,RIP Mrs.Bieber ‚ô•,,"Stay strong, BELIEVE, Fight for your rights & chase your dreams.....‚ô•",1717,1515,Sat Feb 05 03:02:37 +0000 2011,1348699215.0,,,,,iKerisus,,,
251028431716876289,,"RIP Avalanna, dicen que Justin Bieber le cantaba ""Baby, baby, baby noo ¬°NOO TE MUERAS PUTA!""",web,LSDPractice,Reptilia ,Dos cuadras mas a la derecha.,Suelo comer corazones vivos en un mundo too mainstream,2863,79,Wed Apr 21 00:42:13 +0000 2010,1348699216.0,,,,,,,,
251028431528144897,250957613783715842,"RT @Jereminuscule: Je suis un sans c≈ìur parce que je ne chiale pas √©tant donn√© que je ne suis pas une groupie de Justin Bieber, mon dieu.",web,_23072010,DANIELA WSH,Fran√ße,"La lettre la plus jolie de l'alphabet c'est un le I, car sans elle, aimer serait amer.

",91,130,Mon May 21 16:34:05 +0000 2012,1348699216.0,,,,,Jereminuscule,,,
251028432996139008,,Eu n√£o sou a MERDA do Justin Bieber seus FILHOS DA PUTA! (bili joe) kkkk paguei pau http://t.co/OEtQ6Hpb,web,danielefcunha,Daniele Cunha,brusque,,291,76,Mon May 09 18:08:32 +0000 2011,1348699216.0,,,http://t.co/OEtQ6Hpb,,,,,
251028433180704768,,"@chriscolfer ‚ÄúOh, it‚Äôs Justin Bieber!‚Äù",web,mz_jem,Puppy.,DarrenCriss' Closet!,@chriscolfer tweeted me on 21/7/2012 #Klainer #Glee #TheLandOfStories #TheNewNormailIsADrug #KittenBoyForPresident  #RyanMurphy Called me PUPPY! ,2137,1944,Mon Jun 13 15:07:37 +0000 2011,1348699217.0,,,,,chriscolfer,,,
251028433897943041,,I walk in to Jamba Juice and One Direction is playing... Followed by Justin Bieber.... They knew we were coming. @Hannahmay_skier :),"<a href=""http://twitter.com/download/iphone"" rel=""nofollow"">Twitter for iPhone</a>",Sam_10,Samantha Ursula ,"Sandy, Utah",I love the sound of violins and making someone smile. I love God and my laugh is dorky. Let's be friends.,301,197,Wed Mar 11 00:01:48 +0000 2009,1348699217.0,,,,,Hannahmay_skier,,,
251028434317365250,,Jeg likte en @YouTube-video ‚Äì http://t.co/M7EBdVxL [HD] Justin Bieber - As Long As You Love Me - DWTS 15 (Week 1 Results),"<a href=""http://www.google.com/"" rel=""nofollow"">Google</a>",EmmaBelieber_,Emma Helene Gjerde,Norway,"Saw @JustinBieber 4 the 1st time in Norway 30.05.12 Best day of my life!
He brings out the best of me, he inspire me 2 #followmydreams and 2 #Believe in myself",155,188,Fri Apr 15 16:56:13 +0000 2011,1348699217.0,,,http://t.co/M7EBdVxL,,YouTube,,,
251028434002784256,213373860274372609,"RT @MyBelieveTour: *My World Tour*: ''You say JUSTIN, I say BIEBER! *Believe tour*: ''I say BIEBER, and you say conda!''",web,Lisa_Biebs,Lisa Rath,,Belieber since 2009 & i will stay forever ! ‚ô•,159,212,Sun Jul 22 16:49:31 +0000 2012,1348699217.0,,,,,MyBelieveTour,,,
251028434996842498,,Justin Bieber te amo.,web,milagrosmed143,Milagros Medina ,,Mili and Lu Show. http://www.youtube.com/user/Showmiliandlu?feature=CAQQwRs%3D,619,117,Fri Apr 22 16:38:36 +0000 2011,1348699217.0,,,,,,,,
251028435839901696,251023646112501763,RT @stylingniall: ONE DIRECTION break VEVO record held by JUSTIN BIEBER. http://t.co/tQPzlSRG,"<a href=""http://mobile.twitter.com"" rel=""nofollow"">Mobile Web</a>",TehQuiff,LiveWhileWereYoung.,Partying With The Boys,0/5,114,387,Wed Jun 20 03:44:39 +0000 2012,1348699217.0,,,http://t.co/tQPzlSRG,,stylingniall,,,
251028435839893504,251024298184159232,RT @BieberAchieve: I was wishing that Avalanna could grow up and tell her friends and everyone at school that Justin Bieber was her firs ...,"<a href=""http://twitter.com/download/iphone"" rel=""nofollow"">Twitter for iPhone</a>",1D__Crew,harry's banana. ,UK,0/5 follow hbu? ‚úå onedirection&edwardsheeran‚ù§ harry's follow button hates me. ,852,891,Thu Jan 06 14:09:33 +0000 2011,1348699217.0,,,,,BieberAchieve,,,
251028436154474497,251026979292315649,RT @PaiigePYTMorrgn: Most of Justin Bieber's followers are fake hahaha,web,Panxa_GD,Francisca‚ô•,,"Hi!, my name is Francisca :3, i'm from Chile, and I love the music, I play guitar... sing, take pictures, and all this stuff. 
‚ô• Michael Jackson & Green Day ‚ô•",66,135,Mon Jan 10 02:02:02 +0000 2011,1348699217.0,,,,,PaiigePYTMorrgn,,,
251028437953822722,,Avalanna Routh Dead: 'Mrs. Justin Bieber' Dies From Brain Cancer At 6 - Huffington Post: details on http://t.co/E7SsjGDo,"<a href=""http://biebernewz.com"" rel=""nofollow"">biebernewz.com</a>",biebernewzsite,Biebernewz.com,,"We came here to spread @justinbieber news for the real fans out there!
We will follow everyone that RT's our posts and proves to us to be a #belieber :)",3153,2958,Wed May 23 23:41:07 +0000 2012,1348699218.0,,,http://t.co/E7SsjGDo,,,,,
251028439698636800,,JUSTIN DREW BIEBER i deserve a follow because i one of the first people who got a ticket for your concert :( I LOVE YOU notice me please x,web,KadiiHoran,KadiiHecox,London,"Female Football player, singer, and a beatboxer :) ; ILoveOneDirection&JustinBieber‚ô•   #Capricorn #TeamRealMadrid‚ô°  SMOSH‚ô•:)  I love life :)  #TORRES‚ô•;*",172,808,Sun Jul 15 09:47:26 +0000 2012,1348699218.0,,,,,,,,
251028439681884162,,"""Sometimes it hurts me knowing I might never see her again"" - Justin Bieber about Avalanna. This breaks my heart.","<a href=""http://twitter.com/download/iphone"" rel=""nofollow"">Twitter for iPhone</a>",OnlyRebecka,Justin Is Our Winner,Sweden,"Even though it feels like I'm invisible for Justin, he will never be that to me.",158,189,Tue Feb 01 16:25:08 +0000 2011,1348699218.0,,,,,,,,
251028440675926016,251028216171601921,"RT @butshawty: ""Justin Bieber gastou 300 mil d√≥lares para tentar encontrar a cura do c√¢ncer que sua Belieber, Avalanna, tinha."" E INFELI ...",web,OneCherryBitch,RIP Avalanna :(,Meu nome √© Caroulles ‚ôî,"Ocpd. Fazenu rela√ßaum com o Jus, Enquanto a Dems come brigadero e a The Wanted dan√ßa pra mim bjs ;*| @JustinBieber me follow on day 23.08.12|14;41‚ô• @PqpMathy ‚ô•",3024,231,Sat Jan 01 00:42:59 +0000 2011,1348699218.0,,,,,butshawty,,,
251028443695816705,,"""Avalanna significa o mundo pra mim. Ela tem uma doen√ßa rara e me machucar√° muito se eu n√£o a ver de novo'' - Justin Bieber :(( RIP Avalanna",web,JustiinOurBaby,#LUTO RIP Avalanna,No @iBiebsMorango,I will catch you if you fall @justinbieber,1127,642,Wed Jan 20 00:10:29 +0000 2010,1348699219.0,,,,,,,,
251028444832468992,,"far east movement ft justin bieber, que cancion..",web,kevinmartinez14,Kevin martinez,,,268,165,Thu Mar 17 21:41:50 +0000 2011,1348699219.0,,,,,,,,
251028446640214017,251024285156663296,"RT @beliebermh: ""fallece la fan de Justin Bieber"" ¬øFan? Avalanna no era una simple fan, Avalanna era una BELIEBER y de las mejores. RIP  ...",web,rochi_caballero,I don't wanna study.,,"Please bitch, i'm a BELIEBER and i love @justinbieber ‚ô•‚ô•.
I don't wanna sutdy. I just wanna party!
Doy #FollowBack",436,443,Mon Jan 10 23:53:37 +0000 2011,1348699220.0,,,,,beliebermh,,,
251028445906235393,251028006796152832,"@whatismcfly uma guria de 6 anos q tinha cancer raro era ""mrs bieber"" e ela morreu http://t.co/D6plOQiP",web,todofadesp,lennon rose,,"If you close your eyes, you'll see darkness. But if you keep them closed long enough, and concentrate hard, you'll see light.",337,207,Sun Apr 22 01:55:33 +0000 2012,1348699220.0,,,http://t.co/D6plOQiP,,whatismcfly,,,
251028449072926720,251016430055739392,"RT @BethSykes_TW: Justin lost his wife. 28 Million Beliebers lost a sister, Heaven gained an angel. RIP Avalanna aka Mrs Bieber‚ô• http:// ...",web,lilrednina,Directioner·É¶,"UK,London","I'm Nina, a model at Hollister and a swimmer.I love... @janoskians, @Onedirection , 
@tomdaley1994 @beckadlington #TeamFollowBack - Follow me, I follow you ;)x",56,213,Fri Jul 27 18:38:57 +0000 2012,1348699220.0,,,,,BethSykes_TW,,,
251028449454600192,251019752493961217,"RT @SpongieGomez: At least Avalanna dreams came true before she passed away. She got to marry Justin Bieber, and she got her first kiss  ...",web,meganbieber_27,Megan McIlwee,,"‚ÄúHaters will say what they want, but their hate will never stop you from chasing your dream‚Äù ~justinbieberr‚ô°                                        
*B—î‚ÑìŒπ—î–≤—î—è*",143,191,Mon Aug 30 12:24:08 +0000 2010,1348699220.0,,,,,SpongieGomez,,,
251028450222149632,,"Can u STFU ""@iKerisus: ""RIP Avalanna"" wtf? That hoe was fucking Justin Bieber and pretended she had cancer for attention, smfh, fame-""","<a href=""http://twitter.com/download/android"" rel=""nofollow"">Twitter for Android</a>",ImThatKidrauhl,emily. ,being cute with vaginarauhl^.^,I fell in love with a boy from a small town in Canada. He made me who I am today. A proud Belieber. http://ask.fm/imthatkidrauhl #Believe 8/23/12 11:41pm,8190,1074,Tue Nov 16 21:45:55 +0000 2010,1348699221.0,,,,,iKerisus,,,
251028450729660416,,"""Meus f√£s me inspiram muito, eles me ajudaram a passar por muitas coisas"" - Justin Bieber",web,Welovesbiebers,Brazil Loves JB‚ô• ‚Äè,"Brazil, Branad√°","I Love You Much , My Pride @justinbieber. Every day I love you more, My life. I am very proud to be belieber. The Brazil needs you again.‚ô•",372,1279,Sun Sep 18 03:04:08 +0000 2011,1348699221.0,,,,,,,,
251028451698565120,,Lo m√°s cagado es que Justin Bieber se debe estar cogiendo a Selena y ni le importa que esa pendeja se haya muerto. RIP Avalanna,web,NoSoyMadonna,Madonna. ,,"Me burlo de todo, digo cosas racistas y critico cualquier cosa. ¬°No Regreso El Follow! ",284,59,Wed Aug 10 22:45:47 +0000 2011,1348699221.0,,,,,,,,
251028452931686400,,"Hello Come to mi ask? Do you Like justin Bieber I dislike his Mu... ‚Äî aw, yeah i like one of justin biebers songs http://t.co/cGRmjDoN","<a href=""http://ask.fm/"" rel=""nofollow"">Ask.fm</a>",fxcked_society,‚òØ~ADAM‚úû~‚òØ,London,"Yes, i'm being deadly serious in my icon. Instagram - AdamWaithe https://www.facebook.com/adam.waithe",32473,32260,Tue Sep 27 18:33:15 +0000 2011,1348699221.0,,,http://t.co/cGRmjDoN,,,,,
251028453535657984,251027796539895808,RT @livjonesxo: @BellaGolding a 6 year old that had cancer and justin loved her she was a big belieber an he pretended to marry her an c ...,"<a href=""http://blackberry.com/twitter"" rel=""nofollow"">Twitter for BlackBerry¬Æ</a>",BellaGolding,bella ,TO INFINITY AND BEYOND,wish I was a mermaid,105,246,Tue Jan 31 16:00:13 +0000 2012,1348699221.0,,,,,livjonesxo,BellaGolding,,
251028453850222592,251026747439599616,"RT @xlookatusnow_: ""LADY GAGA E' BORN THIS WAY, JUSTIN BIEBER E' BORN TO BE SOMEBODY, IO SONO BORN TO BE UN CESS.""CREPO AHAHAHAHAHAHAHAH ...",web,yootaylor,‚ñº,,ho pisciato sopra justin bieber quindi √® mio.,1579,418,Sun Sep 18 21:24:44 +0000 2011,1348699221.0,,,,,xlookatusnow_,,,
251028454554865665,,Chris Brown - Ladies Love Me feat Justin Bieber.,"<a href=""http://messaging.nokia.com/"" rel=""nofollow"">Social by Nokia</a>",SwirvBacky,Backy.,"Bordeaux , France","Twitter, l'endroit ou on peut suivre des gens.. sans marcher derri√®re eux.",44,27,Mon Dec 05 19:49:35 +0000 2011,1348699222.0,,,,,,,,
251028457390227456,245650785155821571,"RT @BieberHechoos: Justin;""No estaba tan borracho"". Alfredo: ""Te pusiste a llorar por que quer√≠as conocer a Justin Bieber"". RT",web,aguscepedaa,Cael me ama ‚ô•,,Amo a justin bieber.,82,46,Tue May 10 22:20:23 +0000 2011,1348699222.0,,,,,BieberHechoos,,,
251028457784475648,,Justin Bieber &gt;,"<a href=""http://twitter.com/download/iphone"" rel=""nofollow"">Twitter for iPhone</a>",FabrianaMoreau,Fabriana Moreau,California,I want to be a Model & Fashion is my life,174,149,Mon Jun 06 21:58:54 +0000 2011,1348699222.0,,,,,,,,
251028457465712640,250985010599981056,RT @UnChicoPiensa: Da pena que alguien por cumplir su sue√±o y ayudar a los dem√°s sea tan criticado como lo es Justin Bieber.,web,pattielove1D,LiveWhileWe'reYoung,londres,15 - los sue√±os se cumplen(: https://twitpic.com/818oe1 @justinbieber - 11.11.11 JB / @onedirection mas que mis idolos al igual que @littlemixoffic y @cherlloyd,705,699,Fri Mar 11 18:19:55 +0000 2011,1348699222.0,,,,,UnChicoPiensa,,,
251028458501701632,250969780272648192,"RT @juz10_: RIP Avalanna, we'll never forget you. No matter who Justin marries, you'll always be Mrs Bieber. Sleep tight angel. http://t ...","<a href=""http://twitter.com/download/iphone"" rel=""nofollow"">Twitter for iPhone</a>",date1dforever,FOLLOW ME HARRY,,"one direction, justin beiber, selena gomez, ariana grande, little mix, austin mahone, cher lloyd, talor swift.",451,1171,Wed Dec 21 16:35:31 +0000 2011,1348699223.0,,,,,juz10_,,,
251028458560430080,250951929683910656,"RT @__lookatusnow: doveva crescere,vantarsi di aver dato il suo primo bacio a justin bieber,mettere su famiglia,invecchiare dolcemente,n ...",web,jbcalledmelove,Stay Strong œü,Stratford,"'Noi non siamo normali,siamo speciali.'
Cit @_littlestar18_ Grazie @ddlovato @onedirection @justinbieber La scherma e la musica sono i motivi per cui io vivo.",918,1928,Mon Mar 26 18:56:36 +0000 2012,1348699223.0,,,,,__lookatusnow,,,
251028465283907584,,Justin Bieber is so hot,web,suicunt,Lord of Darkness,Manchester,"I love Two Door Cinema Club, American Horror Story, The Lord Of The Rings, Zac Efron, Bo Burnham and CutiePie/PewDiePie a lot.",84,90,Wed Mar 21 18:05:26 +0000 2012,1348699224.0,,,,,,,,
251028465233575937,250957613783715842,"RT @Jereminuscule: Je suis un sans c≈ìur parce que je ne chiale pas √©tant donn√© que je ne suis pas une groupie de Justin Bieber, mon dieu.",web,MonPetitOreo,I ‚ô• Zayn Malik,France,"Follow me and i follow back, euhm...i'm directioner and  i love Niall, Harry, Zayn, Liam and Louis i love all the world but more Zayn hahaha :)ILoveYouJustin‚ô•‚ô•",507,674,Tue Jul 31 11:43:21 +0000 2012,1348699224.0,,,,,Jereminuscule,,,
251028465975967744,,"‚ÄúOh, it‚Äôs Justin Bieber!‚Äù http://t.co/ayshnpna","<a href=""http://www.tumblr.com/"" rel=""nofollow"">Tumblr</a>",mz_jem,Puppy.,DarrenCriss' Closet!,@chriscolfer tweeted me on 21/7/2012 #Klainer #Glee #TheLandOfStories #TheNewNormailIsADrug #KittenBoyForPresident  #RyanMurphy Called me PUPPY! ,2137,1944,Mon Jun 13 15:07:37 +0000 2011,1348699224.0,,,http://t.co/ayshnpna,,,,,
251028466391207937,251027889095598080,"RT @DABieberBreezy: u wanna get slapped tho? RT @iKerisus ""RIP Avalanna"" wtf? That hoe was fucking Justin Bieber and pretended she had c ...",web,naomibieber_,believe ‚ô•,"Kilmarnock, UK","love you @justinbieber ! ‚ô• saw kidrauhl at the summertime ball, best night ever! believe tour 21/2/13 x @onedirection love you guys! met 11/9/11 ",1125,2002,Sun Jan 10 22:39:40 +0000 2010,1348699224.0,,,,,DABieberBreezy,iKerisus,,
251028467150376960,251027726935416832,"RT @MiliSwaggy: Fallece fan de Justin Bieber?.. Una fan?.. Ella es una Gran Belieber, Hermana, Hija, Esposa y por sobre todo LUCHADORA.. ...",web,ellosmedicenale,Ale Talavera,All Around The World (?),God its the first thing in my live. GOD I LOVE YOU... ~Belieber ~Directioner ~Selenator ~Jonatic ~Lovatic :3 ,237,449,Fri Apr 30 15:39:20 +0000 2010,1348699225.0,,,,,MiliSwaggy,,,
251028467158749184,251027555228975105,RT @TeenMas: @_LizethCastillo Triste noticia: fallece Avalanna la grande fan de Justin Bieber http://t.co/ZeB2hydi  RT please  Follow,web,_LizethCastillo,‚ô•LWWY ‚ô•,,"Follow me & Follow back :)
Mi idola‚ô• es @katyperry
Soy Directioner de‚ô•...I Love‚ô• @Harry_Styles @Real_Liam_Payne @Louis_Tomlinson @NiallOfficial @zaynmalik ",1566,1945,Wed Mar 21 23:23:06 +0000 2012,1348699225.0,,,http://t.co/ZeB2hydi,,TeenMas,_LizethCastillo,,
251028468517720064,,I Hate Being Judged Because I Like Justin Bieber :(,"<a href=""http://blackberry.com/twitter"" rel=""nofollow"">Twitter for BlackBerry¬Æ</a>",aishagrawal06,Ash Bieber ‚ô•,Justin's Heart ‚ô•,"I'm @justinbieber 's Princess,@Real_Liam_Payne 's Angel,@zaynmalik 's Baby,@Louis_Tomlinson 's Muffin,@Harry_Styles 's Candy & @NiallOfficial 's Sugar ‚ô•",187,157,Tue May 25 12:56:15 +0000 2010,1348699225.0,,,,,,,,
251028469012656129,251006555372261376,RT @peralta_nico: El adi√≥s a la fan n√∫mero 1 de @justinbieber  http://t.co/CfTJYB6x,web,aguscampanita,AgusCampanita ‚ù£,cordoba capital,"Organizadora de eventos. 
RE√çR TE SALVA. YOUNG-DREAMER ‚òÜ
http://aguscampanita.tumblr.com/
http://weheartit.com/aguscampanita",582,1996,Thu Jun 17 18:00:01 +0000 2010,1348699225.0,,,http://t.co/CfTJYB6x,,peralta_nico,justinbieber,,
251028469868269568,,blasting justin bieber k &gt;&gt;&gt;,web,OddSachelle,peasants.,wherever you are.,i tweet whatever i want - problem? unfollow.,142,136,Thu Jul 21 22:53:41 +0000 2011,1348699225.0,,,,,,,,
251028470363209728,,"""Avalanna means the world to me. I feel she is one of my biggest fans."" - Justin Bieber",web,0800JBieber,Brazilian Belieber ,StratfOMG JUSTIN BIEBER,,2048,355,Sat Dec 11 20:50:40 +0000 2010,1348699225.0,,,,,,,,
251028470619066368,,Justin Bieber'ƒ±n son alb√ºm√º cok iyi √∂nceden jb dinlemezdim ama simdi gittim aldƒ±m alb√ºm√ºn√º :D #believe,"<a href=""http://mobile.twitter.com"" rel=""nofollow"">Mobile Web</a>",iremintwiti,irem‚òÆ,JUST PUT YOUR PAWS UP!,a bad directioner.. HarryStyles lover ‚ô• Nicki Minaj's fake sis. the best Barbz! Ashley Tisdale's follower xoxo,437,554,Wed Sep 01 20:03:40 +0000 2010,1348699225.0,believe,,,,,,,
251028473617997824,251024965661491200,@RuidoCensurado tienes como una obsesi√≥n con justin bieber ella era una persona igual que tu,"<a href=""http://twitter.com/download/iphone"" rel=""nofollow"">Twitter for iPhone</a>",MarySantamariaR,Maria Santamaria,"Panam√°,Panam√°",,46,43,Sat Oct 02 23:47:35 +0000 2010,1348699226.0,,,,,RuidoCensurado,,,
251028478441422848,251028080309727232,@Mari227Mari Hi ! Can u please follow ‚Üí @TeamMoshe ‚Üê (Justin Bieber's Bodyguard) thx :) he will follow back! RT ‚ô•,"<a href=""http://blackberry.com/twitter"" rel=""nofollow"">Twitter for BlackBerry¬Æ</a>",hollywoodbiebz1,Justin Bieber,,,0,2,Wed Sep 26 15:52:36 +0000 2012,1348699227.0,,,,,Mari227Mari,TeamMoshe,,
251028479846514688,,Me ha gustado un v√≠deo de @YouTube de @jonathan_lago (http://t.co/XAH2vPML - 500 Maneras de matar a Justin Bieber Especial Happy,"<a href=""http://www.google.com/"" rel=""nofollow"">Google</a>",Tertefgi,Tertefgi,Ibiza,"Subo videos de Pc y PS3 pero catualmente solo subo una serie de DIABLO3 pasaros a verla por mio canal
",45,33,Thu Feb 09 15:11:33 +0000 2012,1348699228.0,,,http://t.co/XAH2vPML,,YouTube,jonathan_lago,,
251028481473916929,,"RT @MyBelieveTour: *My World Tour*: ''You say JUSTIN, I say BIEBER! *Believe tour*: ''I say BIEBER, and you say conda!''","<a href=""http://www.writelonger.com"" rel=""nofollow"">Write Longer</a>",PaparazziBieber,Rizano Dian K,Muntilan Magelang Indonesia,@CodySimpson @littlecbeadles @greysonchance @jessicajarrell @MadisonPettis22 @Joel_Courtney @fareastmovement @gilangdirga and 6+ verified accounts followed me,1319,1364,Mon Sep 26 10:14:27 +0000 2011,1348699228.0,,,,,MyBelieveTour,,,
251028480945430528,251027126927650816,"RT @TeamOfBieber: Why are bieber haters hating on avalanna now?! What the?! It's not about Justin, it's about a little 6 yeard old girl  ...","<a href=""http://twitter.com/download/iphone"" rel=""nofollow"">Twitter for iPhone</a>",paulina6_8,Paulina ‚ù§,,"BELIEBER & DIRECTIONER 
‚ÄúBeing single doesn‚Äôt mean that you‚Äôre weak. It means that you‚Äôre strong enough to wait for what you deserve.‚Äù - Niall Horan",92,280,Tue Mar 01 21:56:09 +0000 2011,1348699228.0,,,,,TeamOfBieber,,,
251028482304397312,248484207385534466,@wow0hwow I FUCKING KNEW YOU SECRETLY LOVED JUSTIN BIEBER. AND THEN ALL THAT TIME MOCKING ME IN FIRST YEAR. That's lousy Ciara. :'c,web,tayinoop,Biancaaa.^-^,depends on what I'm reading..,"Don't bother talking to me if you say 'yolo' and/or 'swag', because honestly, I just will not respond. kthanksbye. :)",1134,1997,Wed Mar 31 19:24:36 +0000 2010,1348699228.0,,,,,wow0hwow,,,
251028485278158850,,"""Aveces me duele saber que podr√≠a llegar a no verla de nuevo"" - Justin Bieber. RIP  Avalanna",web,consue__cruz,consuecruz,,"I'm BELIEBER*--* ‚ô• 
Ella es fuerte, pues fue d√©bil una vez. Mantiene su guardia alta, porque sabe lo que es llorar... hasta quedarse dormida",234,591,Thu Aug 09 01:17:36 +0000 2012,1348699229.0,,,,,,,,
251028484930011138,,I kind of miss being obsessed with Justin Bieber :/,"<a href=""http://twitter.com/download/iphone"" rel=""nofollow"">Twitter for iPhone</a>",Dianasaurus64,Diana Soriano,NJ,Defining is for dictionaries.       http://this-too-shall-pass-64.tumblr.com/,229,140,Mon Aug 01 19:24:52 +0000 2011,1348699229.0,,,,,,,,
251028486221885441,,"""S√≥lo espero que llegue a verla crecer y o√≠rle decir que tuvo su primer beso con Justin Bieber."" - Justin. OMG :'(",web,HeeySoFiia,Sofia Chadwick,Argentina‚úù,"Here's a peace sign goin out to all my haters ‚úå

http://a.tumblr.com/tumblr_lsacvi0Jf81qkdlzoo1.mp3",2139,1833,Wed May 27 16:28:27 +0000 2009,1348699229.0,,,,,,,,
251028487417237504,,Justin Bieber!,web,ApenasVal,She ‚ô™,,#ElvisPresley #Dreamer #idiot . Minha abiga @insomniacbydawn S2,759,614,Sun Jan 22 14:04:19 +0000 2012,1348699229.0,,,,,,,,
251028487803129856,,Escuchar a @A_PinoRuiz cantando boyfriend de Justin Bieber en la ducha es algo realmente traum√°tico xDD,web,Azu_LR94,Azahara L√≥pez,,,3,5,Wed Sep 26 18:35:21 +0000 2012,1348699230.0,,,,,A_PinoRuiz,,,
251028488163848192,,So much love for one direction and justin bieber http://t.co/clD9f1KT,"<a href=""http://blackberry.com/twitter"" rel=""nofollow"">Twitter for BlackBerry¬Æ</a>",onebieber_x,1D & jb ‚ô•,All around the world ‚ô•,Supporting @onedirection & @justinbieber for the rest of my life.,18,25,Wed Sep 26 10:43:37 +0000 2012,1348699230.0,,,http://t.co/clD9f1KT,,,,,
251028491296985089,,EXCLU : Les fesses de Justin Bieber !!! http://t.co/T6YLK5tT,"<a href=""http://twitter.com/tweetbutton"" rel=""nofollow"">Tweet Button</a>",UnderwearBieber,UnderwearBieber ,,"Le blog des fesses de Justin Bieber !!!
Retrouve aussi toutes les photos SEXY in√©dites de @ChrisBiebersosi

",1050,1992,Sun Sep 18 19:19:22 +0000 2011,1348699230.0,,,http://t.co/T6YLK5tT,,,,,
251028490575568896,251028289458692096,RT @swagonmissbrown: certo che su fb ci sono tantissime pagine bimbominchiose su 1D e Justin..cio√® voglio capire che vi piacciono ma 'Ju ...,"<a href=""http://twitter.com/download/iphone"" rel=""nofollow"">Twitter for iPhone</a>",xswaglondon,lwwy‚Å∏,marchisio's arms,"I like how your eyes complementing your hair.









",1501,1382,Sat Oct 30 13:35:59 +0000 2010,1348699230.0,,,,,swagonmissbrown,,,
251028494639837184,250951929683910656,"RT @__lookatusnow: doveva crescere,vantarsi di aver dato il suo primo bacio a justin bieber,mettere su famiglia,invecchiare dolcemente,n ...",web,Leruccia1D,IoAmoLarry,,HI I'M Eleonora  sono una Directioner  ne sono fieraa !!! non sono contro le Beliebers. LA BELLEZZA NON DIPENDE DAI MI PIACE CHE HAI SU FB QUINDI SCIALLATI ,221,667,Fri Apr 27 20:13:18 +0000 2012,1348699231.0,,,,,__lookatusnow,,,
251028495931674624,,Conor Maynard &amp; Justin Bieber should make a duet :),web,iLOVEbieburr,–≤—î‚ÑìgŒπŒ±Œ∑ –≤—î‚ÑìŒπ—î–≤—î—è ·É¶‚àû,belgium :d,10.04.13#BelieberTourBelgium‚ô•I can't describe how much i love Justin in 160 characters.Selena is my role model.‚ô• No music = No life. ;D #Belgian RIP Avalanna :c,423,760,Sat Oct 15 16:16:23 +0000 2011,1348699231.0,,,,,,,,
251028496187551745,,#20perfectpeopleifollow Justin Bieber &lt;33,web,OnBiebsHeaven,HeartBroken!R.I.PAva,In heaven with Biebs babyy. ‚úà,When i stare in Justins eyes i feel the power of Kidrauhl as the tears rolling down my cheeks. And Justin thanks for everything what would i do without you? :'D,1342,1052,Wed Aug 29 15:35:31 +0000 2012,1348699232.0,20perfectpeopleifollow,,,,,,,
251028496028168192,250405686486384642,"RT @JusBiebsNotas: ""Estaba lloviendo y cuando sal√≠ al escenario, par√≥ de llover. La Madre Naturaleza es Belieber' -Justin Bieber.""",web,KathySwag,Alee Cacahuatte·É¶    ,‚àûBieberLand·É¶ ,"I love Justin Bieber and I do not care what you think about it, is my inspiration and my reason to say Never Say Never ...‚àû 
101% Belieber‚àû,BeadlesBabe‡≤å&BGirl·É¶",246,754,Sat Feb 18 23:57:07 +0000 2012,1348699231.0,,,,,JusBiebsNotas,,,
251028496988663808,231153000306069506,RT @MyBelieveTour: RETWEET for Justin Bieber. FAVORITE for Drake Bell. :),"<a href=""http://mobile.twitter.com"" rel=""nofollow"">Mobile Web</a>",deborahobida,Obida Deborah,"Abuja,Nigeria","If life gives u 100 reasons to cry show life that u have 1000 reasons to smile, follow and u wont regret it,catch me on facebook at deborah.obida@facebook.com",230,655,Tue May 29 23:46:57 +0000 2012,1348699232.0,,,,,MyBelieveTour,,,
251028498800594945,251028079240155137,@lucthescript Hi ! Can u please follow ‚Üí @TeamMoshe ‚Üê (Justin Bieber's Bodyguard) thx :) he will follow back! RT ‚ô•,"<a href=""http://blackberry.com/twitter"" rel=""nofollow"">Twitter for BlackBerry¬Æ</a>",hollywoodbiebz1,Justin Bieber,,,0,2,Wed Sep 26 15:52:36 +0000 2012,1348699232.0,,,,,lucthescript,TeamMoshe,,
251028499505217536,,what would you say to justin bieber if he came to talk to you right now? #AskMuse,web,unprettypilvi,Pilvi Pitk√§ranta,,"Pilvi, 15, Finland.",0,10,Thu Jun 14 15:11:41 +0000 2012,1348699232.0,AskMuse,,,,,,,
251028499178078209,251028289458692096,RT @swagonmissbrown: certo che su fb ci sono tantissime pagine bimbominchiose su 1D e Justin..cio√® voglio capire che vi piacciono ma 'Ju ...,web,mileyssecret,avalanna.,in Stefania's arms.,¬´ I think you're the next big boy band ¬ª || miley cyrus and oned. are my everything. @DislyGrazieMeng thank you.,1301,1997,Fri Mar 09 14:39:55 +0000 2012,1348699232.0,,,,,swagonmissbrown,,,
251028499190644736,250916495662657537,RT @ThePerfumeShop: RT! Follow for our #BigBirthdayGiveaway of 20 prizes this Friday. No1 is Justin Bieber‚Äôs Girlfriend 100ml + Girlfrie ...,web,emmalouisec81, Emma Chamberlain,England Uk,"I Have 3 Beautiful children & I'm a full time Mum, xx",437,1966,Wed Aug 10 13:33:18 +0000 2011,1348699232.0,BigBirthdayGiveaway,,,,ThePerfumeShop,,,
251028501233270785,,#Hot #Sexy #Celebrity Justin Bieber steals the show with 'DWTS' performance -- VIDEO -... http://t.co/FEmD7jJW #F4F Go,"<a href=""http://dlvr.it"" rel=""nofollow"">dlvr.it</a>",a__SelenaGomez,Selena Gomez Fan,,The latest Selena Gomez gossip online keeping you up to date with all Selena Gomez news. #CelebrityNews #TeamFollowBack,451,49,Wed Jul 11 08:05:10 +0000 2012,1348699233.0,Hot,Sexy,http://t.co/FEmD7jJW,,,,,
251028502176993280,,All I see is Justin Bieber on my TL don't you have anything else to tweet about???,"<a href=""http://twitter.com/download/android"" rel=""nofollow"">Twitter for Android</a>",aniya333,The Real Aniya,New York City ,Instagram : The_Real_Aniya                  |Tumblr : Aniya333.Tumblr.com               | So Follow Me : ),112,167,Fri Aug 17 13:41:03 +0000 2012,1348699233.0,,,,,,,,
251028502361550849,251024792323510272,"RT @iCelebrityFacts: ""I hope I get to see her [Avalanna] grow up &amp; hear her say she got her first kiss from Justin Bieber."" - Justin ...",web,Sarah_BiebLovat,Beliebers & Lovatics,Rio de Janeiro,"Stay Strong and Never say Never! I am a big fan of Justin Bieber,Demi Lovato and Taylor Swift",48,128,Thu Apr 19 23:08:02 +0000 2012,1348699233.0,,,,,iCelebrityFacts,,,
251028503015870464,251010055112122368,"RT @blinkonthelight: ""Fallece fan de Justin Bieber"" ¬øFan? ¬ø¬°Fan!? ¬°Est√°n de broma! Avalanna era una verdadera Belieber. RIP Avalanna.",web,Sol_0705,Sol.Kidrauhl,,I am Belieber. Problem?,170,734,Sun Jan 22 05:39:12 +0000 2012,1348699233.0,,,,,blinkonthelight,,,
251028504223817728,,"Lalalalaala,Justin Bieber,lalalalaallalala","<a href=""http://blackberry.com/twitter"" rel=""nofollow"">Twitter for BlackBerry¬Æ</a>",UltraWhiteDemon,WhiteDemon,"Venezuela,Carabobo",Soy 'WhiteDemon' En espa√±ol 'DemonioBlanco' Soy el Demonio De la vida yo decido si vives o mueres apariencia parecer√° a un demonio pero soy bueno .#WhiteDemon,36,181,Sat Aug 25 19:32:49 +0000 2012,1348699233.0,,,,,,,,
251028504811024385,,"Falleci√≥ una Ni√±a que era fan de Justin Bieber que tenia c√°ncer, Y tuvo el privilegio de estar Con Justin en sus √öltimos meses :(",web,Sol_DayneSolshi,Sol Fazio ,fernando de la mora,SEGUIME y yop te sigo =) ,65,302,Sun Jul 17 18:58:41 +0000 2011,1348699234.0,,,,,,,,
251028504781672448,251027608710545408,"@JAAhetisZAHRA nee, een meisje van 6 die heel erg fan was van justin bieber alleen ze had een speciale vorm van kanker en had niet lang (..)","<a href=""http://twitter.com/download/iphone"" rel=""nofollow"">Twitter for iPhone</a>",NOAISDENAAMx,RIP avalanna.,bikinibroek,Proud Belieber. ‚ô• // follow your dreams . // 3 havo // ajax amsterdam // Justin Drew Bieber .,297,263,Fri Dec 03 19:18:48 +0000 2010,1348699234.0,,,,,JAAhetisZAHRA,,,
251028506346143746,251026332182511616,"RT @RBDManiaco: Sei l√°, eu n√£o sou f√£ de Justin Bieber, mas tenho cora√ß√£o e acho essa tag muito digna. #StayStrongBeliebersFromGenerationRBD",web,rbdesmivida_,‚Üê P A R A √ç S O ,Brasil...‚úà...M√©xico...‚úà...L.A ,"3 pr√≠ncipes, 3 princesas, 6 anjos, 6 her√≥is, 6 inspira√ß√µes .. Uma banda e milh√µes de sentimentos!  ‚ô•‚ô• // Since: 04/08/2012     ",794,562,Sat Aug 04 12:11:26 +0000 2012,1348699234.0,StayStrongBeliebersFromGenerationRBD,,,,RBDManiaco,,,
251028507189207040,,"I love Andrea Russet, Justin Bieber, Austin Mahone and Christian Beadles.",web,bieber22030,SummerVandermeulen‚ô•,Michigan(:,Beileber and Mahonie[: ‚ô•,16,14,Fri Jul 27 17:48:35 +0000 2012,1348699234.0,,,,,,,,
251028509315702784,251022786548617216,RT @TheBootello: Odio la gente que pide RTs f√°ciles. RT si odias a Justin Bieber.,"<a href=""http://twitter.com/download/android"" rel=""nofollow"">Twitter for Android</a>",ANHQV__Emilio,Emilio Delgado,,"Portero de un edificio Se√±orial en Desenga√±o21,Campeon de futbolin tengo una tarjeta. Hasta los cojones de fregar el rellano. MUERTE A LOS DE LA PROPAGANDA!",359,190,Wed Aug 22 00:14:44 +0000 2012,1348699235.0,,,,,TheBootello,,,
251028509445734400,250984182749212672,RT @demiraejepsen: look at this beautiful angel &amp; that smile she put on Justin's face. We will never forget Mrs Bieber‚ô• http://t.co/ ...,web,SomerhalderM,Melii Directioner,,I'm Directioner and I proud of that!I will always be Directioner. :) 18/9/2012 @MollyTDeakin follows me!Thank you! :) 3,923,2000,Sun Oct 02 20:24:59 +0000 2011,1348699235.0,,,http://t.co/,,demiraejepsen,,,
251028510636904448,,LOOOOOOOL. BABY DE JUSTIN BIEBER EN EUROPA FM. ¬°CUANTO TIEMPO SIN OIRLA!,"<a href=""http://twitter.com/download/android"" rel=""nofollow"">Twitter for Android</a>",SilviaCalipo95,Con S De S(ilvia)exo,Un lugar llamado Mundo. Mi23.,#Directioner. #RealMadrid. Colecciono sapos. Superficial. Ego√≠sta. Aries. Zurda. |@Cucuyonoexisto. @ItsLucius.| Me follaba la vida pero tengo a @AleErreape.,932,615,Wed Jan 18 17:04:15 +0000 2012,1348699235.0,,,,,,,,
251028511496761344,,Quisiera poder verla crecer y que diga bien fuerte mi primer beso fue con Justin Bieber -Justin sobre Avalanna‚ù§ http://t.co/1ZKNFCmp,"<a href=""http://twitter.com/download/iphone"" rel=""nofollow"">Twitter for iPhone</a>",belieberhlm,i'm a Girl Swaggy ,con kidrauhl,‚Ä†. Familia y DIOS‚ù§ Mi idolo? Ese peque√±o ni√±o que sol√≠a cantar en las escaleras de un teatro #nsn. Jes√∫s ante todo‚úåInstagram: vnucete,188,164,Thu Jul 22 01:32:42 +0000 2010,1348699236.0,,,,,,,,
251028512549502977,251024871365160960,RT @RuidoCensurado: RIP Avalanna Dios elimina a las fans de Justin Bieber por pendejas.,web,Srcheeto,Sr.Cheeto,,Cheeto a tiempo parcial. Hago unboxins eventualmente. Cocinando desde siempre En MI CANAL! http://www.youtube.com/user/CheetoSenior,24625,803,Sun Jan 02 14:39:09 +0000 2011,1348699235.0,,,,,RuidoCensurado,,,
251028513468059649,251023793131249665,"RT @AlsoaUnicorn: Eu n√£o gosto de Justin Bieber, nem de 1D e vivo nesse s√©culo, me condenem",web,Chordsboy,Tony.,Rio Grande do Sul.,Too tired to breathe.,528,298,Fri Aug 19 00:10:43 +0000 2011,1348699236.0,,,,,AlsoaUnicorn,,,
251028513065418752,251020258964566016,RT @HuffingtonPost: Sad news: Justin Bieber's most adorable fan just lost her fight with brain cancer #RIPAvalanna http://t.co/uDXImQ7n,"<a href=""http://twitter.com/download/iphone"" rel=""nofollow"">Twitter for iPhone</a>",TishTashxxx,RIP Avalanna ,England,I Love Justin Bieber he's absolutely amazing!! He's se-cute! I support Jelena!! Well Done Tom on your Bronze medal! xx http://www.tumblr.com/blog/tishtashxxx,769,1713,Fri Aug 26 16:25:23 +0000 2011,1348699236.0,RIPAvalanna,,http://t.co/uDXImQ7n,,HuffingtonPost,,,
251028514403393537,251027889095598080,"RT @DABieberBreezy: u wanna get slapped tho? RT @iKerisus ""RIP Avalanna"" wtf? That hoe was fucking Justin Bieber and pretended she had c ...","<a href=""http://twitter.com/download/android"" rel=""nofollow"">Twitter for Android</a>",ForJustinxo,He's Our Kidrauhl ‚ô° ,"Bangalore, India. :) ","I'm a Belieber and Cheryl's soldier for eternity. ‚ô•
Forever is a long time, but eternity is longer. :)
You hurt them, I'll hurt you. As simple as that.",246,673,Mon Oct 10 13:36:39 +0000 2011,1348699236.0,,,,,DABieberBreezy,iKerisus,,
251028515225481216,231153000306069506,RT @MyBelieveTour: RETWEET for Justin Bieber. FAVORITE for Drake Bell. :),"<a href=""http://twitter.com/download/iphone"" rel=""nofollow"">Twitter for iPhone</a>",TheBiebs_Crew,selenah and biebah,,I bet you wanna fuck Justin too ,397,707,Sat Jun 02 17:27:05 +0000 2012,1348699236.0,,,,,MyBelieveTour,,,
251028515825278979,251028216171601921,"RT @butshawty: ""Justin Bieber gastou 300 mil d√≥lares para tentar encontrar a cura do c√¢ncer que sua Belieber, Avalanna, tinha."" E INFELI ...","<a href=""http://twitter.com/download/android"" rel=""nofollow"">Twitter for Android</a>",ForJubsEver,Gi,Bieberl√¢dia‚ô•,"F√£ de um garoto que usa supras, n√£o gosta de vidros, e se acha normal. Meu lema? Never Say Never. Meu √≠dolo? Justin Bieber. Minha inspira√ß√£o? Kidrauhl.",612,198,Mon Oct 10 01:28:55 +0000 2011,1348699236.0,,,,,butshawty,,,
251028518673186816,,@ohtheswag que te gusta justin bieber?,"<a href=""http://blackberry.com/twitter"" rel=""nofollow"">Twitter for BlackBerry¬Æ</a>",AngelaaVL,Angela PV‚àû,Sevilla,Del 98.enamorada de  @Mikelino10 *_* // si me sigues te sigo :D,207,285,Sun Jul 15 18:33:10 +0000 2012,1348699237.0,,,,,ohtheswag,,,
251028522129309697,251028078929797120,@Irina_Primak Hi ! Can u please follow ‚Üí @TeamMoshe ‚Üê (Justin Bieber's Bodyguard) thx :) he will follow back! RT ‚ô•,"<a href=""http://blackberry.com/twitter"" rel=""nofollow"">Twitter for BlackBerry¬Æ</a>",hollywoodbiebz1,Justin Bieber,,,0,2,Wed Sep 26 15:52:36 +0000 2012,1348699238.0,,,,,Irina_Primak,TeamMoshe,,
251028523089805312,251020832632107008,"RT @TheBieberNotas: ""Odio a Justin Bieber"" unfollow, bloquear, reportar, suprasos.",web,rochi_caballero,I don't wanna study.,,"Please bitch, i'm a BELIEBER and i love @justinbieber ‚ô•‚ô•.
I don't wanna sutdy. I just wanna party!
Doy #FollowBack",436,443,Mon Jan 10 23:53:37 +0000 2011,1348699238.0,,,,,TheBieberNotas,,,
251028523710562304,245876293902663682,"RT @grandicious_: cette fille est ambassadrice de l'UNICEF,elle a un c≈ìur en or,et vous la d√©testez parce qu'elle sort avec Justin Biebe ...",web,ImSwaging,Valentin* ,Belgium,"I can be your gentleman, anything you want. ‚ô™  ~*~ Followed by @CarlyraeJepsen 20/02/12 & @CodySimpson 3/03/12 ~*~ Valentin, 17. Love me, say that you love me !",714,145,Sat Oct 08 10:02:03 +0000 2011,1348699238.0,,,,,grandicious_,,,
251028525862232064,251020454314274817,"RT @babyjbieber: ""Everytime I leave Avalanna, I'm afraid that day was the last day I see her"" - Justin Bieber. :( RIP Avalanna",web,Zattacker_Xx,Avalanna's N¬∞1 Fan ‚àû,ZacIsHotterThanYouLand,Dreams are dreams until you wake up and make them real.,82,123,Sun Dec 12 18:05:49 +0000 2010,1348699239.0,,,,,babyjbieber,,,
251028526579458049,213373860274372609,"RT @MyBelieveTour: *My World Tour*: ''You say JUSTIN, I say BIEBER! *Believe tour*: ''I say BIEBER, and you say conda!''",web,PrettyInBiebs,PrettyInBiebs,,"JUSTIN IS WORTH IT!
",531,390,Sat Jul 03 18:00:17 +0000 2010,1348699239.0,,,,,MyBelieveTour,,,
251028527774838786,242012135591395328,"RT @curiosidadesfas: O Cantor Niall entre Justin Timberlake e Justin Bieber
ele prefere Justin Bieber e diz ser realmente muito f√£
dele.",web,1DMyPotatoes_,Choro por eles sim ‚ô•,"Favel√¢ndia, l√° de Londres","Loved you since the first moment I saw them, and love to the end, forever. @onedirection  / Dona: Myllena /  I love condas so much",992,1176,Fri Mar 25 23:23:05 +0000 2011,1348699239.0,,,,,curiosidadesfas,,,
251028529049907200,,RT RT' @RuidoCensurado RIP Avalanna Dios elimina a las fans de Justin Bieber por pendejas.,web,JosseCumares,Jose Cumares,VENEZUELA,"con Dios ante todo futuro estudiante de Derecho super optimista y so√±ador s√≠gueme !! ‚òÖ
so follow me ;)",208,180,Fri Mar 18 22:48:38 +0000 2011,1348699239.0,,,,,RuidoCensurado,,,
251028532099153920,,"El es PERFECTO Justin Bieber Performs ""As Long As You Love Me"" LIVE On Dancing With The...: http://t.co/YFzjbYm4 v√≠a @youtube","<a href=""http://twitter.com/tweetbutton"" rel=""nofollow"">Tweet Button</a>",yuliyhBiieber,@YulianaRivas,·É¶ ,"‚ô•Ame el d√≠a 12 ‚àÇ—î œÉctœÖ–≤—è—î~ @JustinBieber Œπ—ï m—á Œπn—ïpŒπratŒπon, Œπ—ï –º—É ‚àÇ—è—îŒ±–º, –º—É ‚ÑìŒπ∆í—î, –º—É ‚ÑìœÉŒΩ—î,–º—É œâœÉ—è‚Ñì‚àÇ‚ô• & soy fan de @marianoPoblete ,Amo su voz todo de EL :')",1178,1839,Thu Oct 20 00:46:01 +0000 2011,1348699240.0,,,http://t.co/YFzjbYm4,,YouTube,,,
251028534678667264,251028078858473472,@silvannasalas Hi ! Can u please follow ‚Üí @TeamMoshe ‚Üê (Justin Bieber's Bodyguard) thx :) he will follow back! RT ‚ô•,"<a href=""http://blackberry.com/twitter"" rel=""nofollow"">Twitter for BlackBerry¬Æ</a>",hollywoodbiebz1,Justin Bieber,,,1,2,Wed Sep 26 15:52:36 +0000 2012,1348699241.0,,,,,silvannasalas,TeamMoshe,,
251028535416852480,,"'Baby, baby, baby ooh!' Mam: *komt binnen* Luister je Justin Bieber?! Dochter: Nee, Ik kijk porno.' Mam: OH THANK GOD!...;-)",web,Erikb99,Erik,Huizen,"If you stand for nothing, you fall for anything!",107,459,Mon Apr 18 17:44:22 +0000 2011,1348699241.0,,,,,,,,
251028535148425218,251028117911662592,"RT @Leeyumswilly: ""#ThankYouDirectionersFromBeliebers""Lololol bc nexttime there is an award show with 1D and Justin Bieber in the same c ...","<a href=""http://twitter.com/download/iphone"" rel=""nofollow"">Twitter for iPhone</a>",luv_direction,0/5 forever ,0/5 wby? x,"My dream, meet @onedirection. I have One Direction Infection and will never be cured ‚ô• Get on with life, because life gets on without you -Zayn Malik ‚ô•",652,1179,Wed Feb 01 00:54:31 +0000 2012,1348699241.0,ThankYouDirectionersFromBeliebers,,,,Leeyumswilly,,,
251028538201890816,251028125381689345,"RT @cyruskidrauhl: Justin perdi√≥ a su Mrs Bieber, Jazzy perdi√≥ a su mejor amiga, Las beliebers a una hermana, pero nos cuida desde el ci ...","<a href=""http://twitter.com/download/android"" rel=""nofollow"">Twitter for Android</a>",AnggieSerrato, ‚ÄÉ,,"And I don't know why but with you I'd dance in a storm in my best dress, Fearless. | ballet dancer and singer of the batroom.",929,931,Sun May 23 19:10:39 +0000 2010,1348699242.0,,,,,cyruskidrauhl,,,
251028540512956416,251027126927650816,"RT @TeamOfBieber: Why are bieber haters hating on avalanna now?! What the?! It's not about Justin, it's about a little 6 yeard old girl  ...","<a href=""http://twitter.com/download/android"" rel=""nofollow"">Twitter for Android</a>",MariaJBNZaynxx,Directioner ;) x,London ,Hey there my name is Maria and im a #Directioner #Belieber and #Janoskianator and many more ... 1D concert 22/1/12 best night of my life x FOLLOW ME!!,1541,1848,Sun Dec 12 21:16:35 +0000 2010,1348699242.0,,,,,TeamOfBieber,,,
251028540974329858,251007926427340800,"RT @carlosdelgadoo: No me gusta Justin Bieber, pero es admirable lo que hizo por ese angelito que yace en el cielo. RIP Avalanna.",web,caribelieber01,#3DaysforBelieveTour,,"Soy #BELIEBER de corazon,amo a @justinbieber el es mi inspiracion y el que me incentiva a creer en mis sue√±os y nunca darme por vencida #Neversaynever *-*",757,1652,Fri Mar 02 19:26:47 +0000 2012,1348699242.0,,,,,carlosdelgadoo,,,
251028542610108416,250894791083163648,RT @SnapBackBiebers: Wouldn't mind that job...üòâ #justin #justinbieber #bieber #kidrauhl  http://t.co/JN1dsQis,web,SomerhalderM,Melii Directioner,,I'm Directioner and I proud of that!I will always be Directioner. :) 18/9/2012 @MollyTDeakin follows me!Thank you! :) 3,923,2000,Sun Oct 02 20:24:59 +0000 2011,1348699243.0,justin,justinbieber,http://t.co/JN1dsQis,,SnapBackBiebers,,,
251028544728207360,251028125381689345,"RT @cyruskidrauhl: Justin perdi√≥ a su Mrs Bieber, Jazzy perdi√≥ a su mejor amiga, Las beliebers a una hermana, pero nos cuida desde el ci ...",web,GemitaMera,__forever with you‚ô•‚àû,"Nubes,el suelo tiene idiotas‚úù ","Con los PIES en la TIERRA y la MENTE en mi MUNDO!   _________________ Espacio reservado para el dia que conozca a mis idolos y cumpla mis sue√±os! SONRIE :)
",1233,1007,Tue Nov 16 00:12:40 +0000 2010,1348699243.0,,,,,cyruskidrauhl,,,
251028546074578944,,RIP Avalanna Justin Bieber -  Down To Earth  http://t.co/Ln64vAfz via @youtube,"<a href=""http://twitter.com/tweetbutton"" rel=""nofollow"">Tweet Button</a>",BieberHigher,I FOLLOW BACK,16/09/12,"I love @justinbieber , wbu ? 












",48922,10663,Fri Sep 03 06:31:32 +0000 2010,1348699243.0,,,http://t.co/Ln64vAfz,,YouTube,,,
251028546108149760,,Justin Bieber's Mom Writes About Abuse and Suicide Attempt In New Book http://t.co/PtBBq4bU Via @JohnBasedow @buzz60,web,Pitagirl90,Lucy Candelaria ,,I'm known as Pitagirl! Lol :) ,57,107,Tue Jun 05 21:57:07 +0000 2012,1348699243.0,,,http://t.co/PtBBq4bU,,JohnBasedow,buzz60,,
251028547743911937,,Justin Bieber estava certo O_O,web,adamyth,Adam Andres,Ville Join xD,Viver e n√£o ter a vergonha de ser feliz...,72,71,Wed Jun 10 16:07:31 +0000 2009,1348699244.0,,,,,,,,
251028548268212225,,jongens wie is avalanna en wat heeft ze met justin bieber te maken wil ik dit wel weten,web,thelegendofeva,Eva.,‚úù‚úù‚úù‚úù,"Reality is a lovely place, but I wouldn't want to live there.",255,186,Tue Nov 17 16:58:22 +0000 2009,1348699244.0,,,,,,,,
251028548410826752,251028078644572161,@vidalluana_ Hi ! Can u please follow ‚Üí @TeamMoshe ‚Üê (Justin Bieber's Bodyguard) thx :) he will follow back! RT ‚ô•,"<a href=""http://blackberry.com/twitter"" rel=""nofollow"">Twitter for BlackBerry¬Æ</a>",hollywoodbiebz1,Justin Bieber,,,1,2,Wed Sep 26 15:52:36 +0000 2012,1348699244.0,,,,,vidalluana_,TeamMoshe,,
251028549241294848,251028416344772609,"RT @MyJus10_: ""Toda vez que eu vejo Avalanna, tenho medo que seja a √∫ltima vez"" - Justin Bieber",web,ProudOfJDrew,Avalanna Our Angel.,since : 17/07/12,"ATIREI O PAU NO FREDO DO DO,MAS O SCOOTER TER N√ÉO GOSTOU TOU TOU, E O KENNY NY ME BATEU TEU TEU,DAI VEIO O JUSTIN E ME DEFENDEU, MIAU ‚ô´‚ô™ ",855,1264,Mon Jul 16 23:26:53 +0000 2012,1348699244.0,,,,,MyJus10_,,,
251028550252122112,251019689759760384,"RT @upwithmybiebs: ""S√≥lo espero verla crecer y o√≠rla decir que su primer beso fue conmigo."" - Justin Bieber. RIP Avalanna :'(.",web,rochi_caballero,I don't wanna study.,,"Please bitch, i'm a BELIEBER and i love @justinbieber ‚ô•‚ô•.
I don't wanna sutdy. I just wanna party!
Doy #FollowBack",436,443,Mon Jan 10 23:53:37 +0000 2011,1348699244.0,,,,,upwithmybiebs,,,
251028551476846592,,Avalanna will always be Mrs Bieber in my eyes! and she will be looking down at every one of u Beliebers and Justin saying they are my family,web,Bieberswaggiiee,Belieber ,Biebers world,Hey this is Sammy and I'm a huge Belieber have been since 2008-2012 and will remain for the rest of my life check my channel SammyXXgirl1 on youtube thanks!,84,126,Wed May 26 18:42:04 +0000 2010,1348699245.0,,,,,,,,
251028551573327872,,"V√çDEO:'Meus f√£s me inspiram muito', Justin Bieber fala da Believe Tour e mais para a Capricho: http://t.co/wwz4OXGI via @BiebersManiaBR","<a href=""http://twitter.com/tweetbutton"" rel=""nofollow"">Tweet Button</a>",RioBeliebers,Beliebers,,I am a Beliebers and I love to be who I am!,124,211,Mon Jul 09 17:45:13 +0000 2012,1348699245.0,,,http://t.co/wwz4OXGI,,BiebersManiaBR,,,
251028551506198528,251028289458692096,RT @swagonmissbrown: certo che su fb ci sono tantissime pagine bimbominchiose su 1D e Justin..cio√® voglio capire che vi piacciono ma 'Ju ...,web,xxShootingStar_,Z…ëN…©H…ëL∆°'s P…ëœÜ…≥…õc…ëŒ∫Œµ,Lost in 1Derland...,"@Louis_Tomlinson once was my boyfriend, but Voldemort deleted his memory.
Now he doesn't know me, but he's happy.
And if he's happy, I'm happy.
",210,535,Sun Dec 11 17:48:29 +0000 2011,1348699245.0,,,,,swagonmissbrown,,,
251028552487694337,250957613783715842,"RT @Jereminuscule: Je suis un sans c≈ìur parce que je ne chiale pas √©tant donn√© que je ne suis pas une groupie de Justin Bieber, mon dieu.",web,InesMakelela,I'm god ‚Ä†,,"Ma bio est disponible √† la fnac, √† majuscule et dans toutes les grandes surfaces. follow me, bitch !",130,154,Sun Jun 24 11:47:11 +0000 2012,1348699245.0,,,,,Jereminuscule,,,
251028553167171584,,@Orlannus_ Tu veux bien voter s'il te plait ? &gt;&gt;&gt; http://t.co/TgGsOmYL D√©soler du d√©rangement ‚ô• #RIPAvalanna,web,_YeahBeliebers,RIP Avalanna ~ ‚ô•.,All Around The World,#beliebers ‚àû 19/03/13 ‚Üí #BELIEVEtour | Justin followed me 22/07. ‚ô•,5258,87,Mon Aug 01 10:37:49 +0000 2011,1348699245.0,RIPAvalanna,,http://t.co/TgGsOmYL,,Orlannus_,,,
251028555033616385,251027286776745984,"@Angieesitaa +quer√≠an mucho, ella era la 'novia' de Justin Bieber y era muy linda. 
(Falleci√≥ de c√°ncer).","<a href=""http://twitter.com/download/iphone"" rel=""nofollow"">Twitter for iPhone</a>",Adkinsland,  Axsa and Lia‚ô°.,With Adele over the moon‚ô°.,"Propietaria de unos intensos ojos verdes, despreocupada ante los comentarios sobre su peso y con un beb√© en camino, esa es mi √≠dola. 29|06. ",1277,1062,Mon Jan 16 22:25:55 +0000 2012,1348699246.0,,,,,Angieesitaa,,,
251028555373375488,251024871365160960,RT @RuidoCensurado: RIP Avalanna Dios elimina a las fans de Justin Bieber por pendejas.,"<a href=""http://twitter.com/download/iphone"" rel=""nofollow"">Twitter for iPhone</a>",Vodkabulary,Roger Wazowsky,"Barcelona, Catalunya",18. Estudiant d'Ingenieria de Telecomunicacions. Fil√≤sof principiant. Ir√≤nic i sarc√†stic de professi√≥. Dormilega i amant del junk food.,1302,1648,Sun Jun 20 11:10:26 +0000 2010,1348699246.0,,,,,RuidoCensurado,,,
251028558506504192,,#20CantantesQueAmo Justin Bieber.,web,rocicurto25,rocio curto ,,"Valora lo que tienes que lo puedes perder. #BT , me gusta la musica, si no te gusta como soy lo siento , no voy a cambiar.",154,382,Sun Nov 06 11:49:26 +0000 2011,1348699246.0,20CantantesQueAmo,,,,,,,
251028559953534976,213373860274372609,"RT @MyBelieveTour: *My World Tour*: ''You say JUSTIN, I say BIEBER! *Believe tour*: ''I say BIEBER, and you say conda!''","<a href=""http://twitter.com/download/iphone"" rel=""nofollow"">Twitter for iPhone</a>",_Phoqueme,laura. ,w/ you.,"Je suis la 7√®me merveille du monde, si tu me follow tu seras la 8√®me. AMBRE VIVIER‚ô•",753,183,Mon Aug 08 20:32:04 +0000 2011,1348699247.0,,,,,MyBelieveTour,,,
251028560016441345,250949680337416192,"RT @ElIenDeGenares: Who wants tickets to see 1D and Justin Bieber on my show? If you do, follow @FreddyAmazin and retweet this!","<a href=""http://twitter.com/download/iphone"" rel=""nofollow"">Twitter for iPhone</a>",erinnelson_,Erin Nelson,"PEI, Canada",13 & Canadian. Follow me!,86,293,Sun Mar 20 12:29:10 +0000 2011,1348699247.0,,,,,ElIenDeGenares,FreddyAmazin,,
251028561664802816,251028076836827136,@lBieberFeverARG Hi ! Can u please follow ‚Üí @TeamMoshe ‚Üê (Justin Bieber's Bodyguard) thx :) he will follow back! RT ‚ô•,"<a href=""http://blackberry.com/twitter"" rel=""nofollow"">Twitter for BlackBerry¬Æ</a>",hollywoodbiebz1,Justin Bieber,,,1,2,Wed Sep 26 15:52:36 +0000 2012,1348699247.0,,,,,lBieberFeverARG,TeamMoshe,,
251028564458229761,,"While Justin Bieber prepares to launch a worldwide tour, Sean Kingston has been caught up in the media for taking Bieber's $100,000 car.",web,Song_Area,SongArea,USA,Create a free music playlist easly from more than a million music files then post it to your pages like Facebook or your personal blogs and enjoy listening. ,10201,21,Sun Sep 23 01:14:38 +0000 2012,1348699248.0,,,,,,,,
251028564223344640,249447487629307905,RT @EenieMeanie4eva: Fan: Justin Bieber. Belieber: Kidrauhl. Fan: Pattie Mallette. Belieber: Studio Mama. Fan: Jeremy Bieber. Belieber:  ...,web,FanPoland,She Come Back For Us,All Around The World  ‚ô•,"I have 15  years. I love music. I'm waiting for the concert @CodySimpson, @justinbieber, @Beyonce, @emelisande in Poland ‚ô•",359,296,Tue Dec 06 20:59:33 +0000 2011,1348699248.0,,,,,EenieMeanie4eva,,,
251028565863305218,,"#20CantantesQueAmo Justin Bieber , One Direction , Miley Cyrus &amp; Demi Lovato.",web,Yanii_Swag,YƒÖn·ªâ‚Ä†,,Niall se comi√≥ mi biograf√≠a.,546,412,Wed Aug 01 03:26:04 +0000 2012,1348699248.0,20CantantesQueAmo,,,,,,,
251028566119153664,251028416344772609,"RT @MyJus10_: ""Toda vez que eu vejo Avalanna, tenho medo que seja a √∫ltima vez"" - Justin Bieber",web,demidojubs,RIP Little Avalanna,,"Demetria Devonne Lovato and Justin Drew Bieber are my biggest inspirations. I love them, and I hope one day I can say this for them. Belieber and Lovatic .‚ô•",64,181,Thu Sep 13 00:25:23 +0000 2012,1348699248.0,,,,,MyJus10_,,,
251028566861565954,,#JustinBieber #Justin #Bieber #Bieberblast #Beliebers #Avalanna #RIPAvalanna #Directioners #Love #Support #R http://t.co/2tdxvdsh,"<a href=""http://instagr.am"" rel=""nofollow"">Instagram</a>",BiebsHasSwaaaag,Biebs Has Swag,BieberLand,Love @justinbieber with all my heart. Belieber since the beggining and till the end.#BeliebersGoHard,20,11,Tue Sep 25 16:47:51 +0000 2012,1348699248.0,JustinBieber,Justin,http://t.co/2tdxvdsh,,,,,
251028567838818305,,"I was walking in the hall today and I heard ""OMG its jake pociluyko!!! Ahhhhhhhhhh!!!"" now I know what it's like to be Justin bieber.","<a href=""http://twitter.com/download/iphone"" rel=""nofollow"">Twitter for iPhone</a>",Dragonhawk924,The Jake Pociluyko ,,Son.Student.Amateur Comedian.Warrior.Human Shower Curtain.Part Time Werewolve.,201,144,Fri Aug 05 04:48:34 +0000 2011,1348699249.0,,,,,,,,
251028567847215105,,&lt;3 im in school just thinking about justin bieber and i always hate when people tell me to stop singing i fucking have a dream &lt;3&lt;3,web,mzbieberwifey1,shakita coleman,chicago,,4,12,Fri Apr 01 23:23:50 +0000 2011,1348699249.0,,,,,,,,
251028567541035008,224957166317076480,"RT @MyBelieveTour: Justin Bieber, Justin Bieber, Justin Bieber, Justin Beiber, Justin Bieber, Justin Bieber, Justin Bieber. Retweet if y ...","<a href=""http://twitter.com/download/iphone"" rel=""nofollow"">Twitter for iPhone</a>",DAMNGLASSWALLS,Goodbye Avalanna :'(,Im in bed with justin bieber,BELIEBER SINCE 08! I LOVE EVER SINGLE ONE OF MY 27.3 MILLION BROTHERS AND SISTERS YALL ARE AWESOME PLEASE PLEASE FOLLLOW O LOVE YOUUUUUUUUUUUUUU,65,84,Sun Sep 09 13:32:14 +0000 2012,1348699249.0,,,,,MyBelieveTour,,,
251028568207921152,251019590249893889,RT @TheBieberNotas: ¬øYo amarte? JAJAJAJAJAJAJAJAJAJAJAJAJAJAJAJAJAJAJAJAJAJAJAJAJAJAJAJAJAJAJAJAJAJAJAJAJAJAJAJAJAJAJAJAJAJAJAJA ¬øQue te ...,web,rochi_caballero,I don't wanna study.,,"Please bitch, i'm a BELIEBER and i love @justinbieber ‚ô•‚ô•.
I don't wanna sutdy. I just wanna party!
Doy #FollowBack",436,443,Mon Jan 10 23:53:37 +0000 2011,1348699249.0,,,,,TheBieberNotas,,,
251028569298440193,,Avalanna Routh and Justin Bieber Tribute - Be Alright: http://t.co/NnEkNUER via @youtube MOST RESPECT. @justinbieber BE STRONG.,"<a href=""http://twitter.com/tweetbutton"" rel=""nofollow"">Tweet Button</a>",Carol_Beebs,karolina.biebeer(CZ),czech republic,"I'm from czech republic. I know it's really small country, but I will believe forever. I love U Justin SO MUCH.  Belieber forever and never say never.",44,107,Sun Apr 11 15:39:23 +0000 2010,1348699249.0,,,http://t.co/NnEkNUER,,YouTube,justinbieber,,
251028569852100608,,96.3 is playing Justin Bieber...Yayy!!!,"<a href=""http://twitter.com/devices"" rel=""nofollow"">txt</a>",bougiee_ray,Stephen Fassl,Los Angeles,"Legit user since '09. I'm just like a celebrity, I get so much bad press",143,221,Thu Apr 02 00:04:32 +0000 2009,1348699249.0,,,,,,,,
251028573509525504,,@Melanichedehors Tu veux bien voter s'il te plait ? &gt;&gt;&gt; http://t.co/TgGsOmYL D√©soler du d√©rangement ‚ô• #RIPAvalanna,web,_YeahBeliebers,RIP Avalanna ~ ‚ô•.,All Around The World,#beliebers ‚àû 19/03/13 ‚Üí #BELIEVEtour | Justin followed me 22/07. ‚ô•,5258,87,Mon Aug 01 10:37:49 +0000 2011,1348699250.0,RIPAvalanna,,http://t.co/TgGsOmYL,,Melanichedehors,,,
251028572825870336,224957166317076480,"RT @MyBelieveTour: Justin Bieber, Justin Bieber, Justin Bieber, Justin Beiber, Justin Bieber, Justin Bieber, Justin Bieber. Retweet if y ...","<a href=""http://twitter.com/download/android"" rel=""nofollow"">Twitter for Android</a>",BelieberrShawty,idk i'm a belieber ,Tattoed in Justin's heart,"Belieber for life
13'04'2013 meeting with @ambereichhorn
He made me for ho i am today. Thanks to kidrauhl @justinbieber",86,294,Sat Feb 25 18:37:04 +0000 2012,1348699250.0,,,,,MyBelieveTour,,,
251028573580845056,251024871365160960,RT @RuidoCensurado: RIP Avalanna Dios elimina a las fans de Justin Bieber por pendejas.,"<a href=""http://twitter.com/download/android"" rel=""nofollow"">Twitter for Android</a>",JiihiDeviia14,Born to die.,"Confundida, sin rumbo.","Jihamn o Jihi, como prefieras | 14 years | Spain | Titanic | Lana Del Rey | Tumblr | No limits | Daddy Yankee | Vive la vida mientras seas joven ",178,421,Sat Mar 24 01:13:48 +0000 2012,1348699250.0,,,,,RuidoCensurado,,,
251028574147080192,,"–ú–Ω–µ –ø–æ–Ω—Ä–∞–≤–∏–ª–æ—Å—å –≤–∏–¥–µ–æ ""~ [Justin Bieber and Avalanna Routh] ~"" (http://t.co/iPGBEFi2) –Ω–∞ @YouTube.","<a href=""http://www.google.com/"" rel=""nofollow"">Google</a>",LubaGetmanskay,Luba Love 1D,Russia,http://vk.com/id138155065 One Direction-I Love You!!!!Fans from Russia!,59,80,Mon Mar 26 11:51:04 +0000 2012,1348699250.0,,,http://t.co/iPGBEFi2,,YouTube,,,
251028578496548864,206636390321098752,@justinbieber I LOve yOu so mUcH Justin Bieber ‚ô•,web,brunabieberm,Bruna Maria‚ôî ‚Äè,"Fortaleza,CE","Eu nasci para ser algu√©m,eu vou iluminar o c√©u, eu nasci para dignificar, eu posso sentir isso, eu posso acreditar,estou aqui para ficar. Sinta, Acredite, Sonhe",105,495,Thu Sep 23 13:14:57 +0000 2010,1348699251.0,,,,,justinbieber,,,
251028580010700801,,justin bieber-believe top:D http://t.co/FU3QNQV5,"<a href=""http://blackberry.com/twitter"" rel=""nofollow"">Twitter for BlackBerry¬Æ</a>",rbieberx,ravinder bieber‚ô•‚ô•,Coventry,"lovee justin bieber millions! he is my life‚ô• going to see him- 28/2/13 xo nicki minaj,towie,the big bang theory‚ô•‚ô• Justin followed me- 19/3/12‚ô•",846,1995,Mon Oct 10 19:25:31 +0000 2011,1348699252.0,,,http://t.co/FU3QNQV5,,,,,
251028579830341632,251028076270583808,@xSwagginJBieber Hi ! Can u please follow ‚Üí @TeamMoshe ‚Üê (Justin Bieber's Bodyguard) thx :) he will follow back! RT ‚ô•,"<a href=""http://blackberry.com/twitter"" rel=""nofollow"">Twitter for BlackBerry¬Æ</a>",hollywoodbiebz1,Justin Bieber,,,1,2,Wed Sep 26 15:52:36 +0000 2012,1348699251.0,,,,,xSwagginJBieber,TeamMoshe,,
251028579712897024,251020454314274817,"RT @babyjbieber: ""Everytime I leave Avalanna, I'm afraid that day was the last day I see her"" - Justin Bieber. :( RIP Avalanna","<a href=""http://mobile.twitter.com"" rel=""nofollow"">Mobile Web</a>",BestofKidrauhl,BieberGomez ‚ô•,Turkey.,@justinbieber I LOVE U MORE THAT EVERYTHING IN THE WORLD‚ô• HOPE YOU'LL FOLLOW ME SOMEDAY‚ô•  ,4883,908,Mon Sep 13 19:21:11 +0000 2010,1348699251.0,,,,,babyjbieber,,,
251028580199436288,251028079747674112,"RT @LiamIsMyHeroe: ""Fallece una fan de Justin Bieber llamada Avalanna"". ¬øQU√â? ¬øCOMO PUEDES DECIR ESO? ELLA NO ERA UNA FAN, ELLA ERA SU E ...",web,usemustache,swag on you(L),,"BELIEBER(L) BEADLESBABE(L) ‚Ñ¨‚ÑØ‚ÑìŒπ‚ÑØv‚ÑØ.
",478,996,Mon Aug 13 23:48:08 +0000 2012,1348699252.0,,,,,LiamIsMyHeroe,,,
251028579947794433,251027079838175233,"RT @AmorEterno_JDB: ""Avalanna significa o mundo para mim,eu sinto que ela √© uma das minhas maiores f√£s"" - Justin Bieber.",web,JssicaKlein2,#Umma_Belieber ,Brasil,"#Believe
Belieber and Lovatic 4ever s2 s2",66,213,Sat Nov 12 21:27:18 +0000 2011,1348699252.0,,,,,AmorEterno_JDB,,,
251028580765691905,,Je suis ni bileber ni rien mais √ßa me touche RIP Avalanna. http://t.co/BItAwzdA,web,LauraaLev, Lolow,Angers,"Mes envies font toujours ce qu'elles veulent de moi, et tampis si demain tout retombe @jeniferofficiel ‚ô• - Antoine ‚ô•",195,530,Sat Jun 04 19:52:49 +0000 2011,1348699252.0,,,http://t.co/BItAwzdA,,,,,
251028581520637952,,"""Fallece fan de Justin Bieber"" ¬øFan? ¬ø¬°Fan!? ¬°Est√°n de broma! Avalanna era una verdadera Belieber. RIP Avalanna",web,DaniVVitale,Daniela Vitale1D,,"I'm a Directioner Forever love Niall Horan, Liam Payne, Harry Styles, Zayn Malik and Louis Tomlinson‚ô•That is love four British and one Irish have a problem?.",277,1048,Sat Sep 03 23:59:47 +0000 2011,1348699252.0,,,,,,,,
251028583131275264,,Whatever god bless her wetting for Justin bieber to go on twitter,"<a href=""http://twitter.com/#!/download/ipad"" rel=""nofollow"">Twitter for iPad</a>",adrina951_JB,Óåîadrina muchawankaÓåî,CA,Óêïhi im adrina and i'm 12 y old and i love justin bieberÓêÖ and btr ÓÑÜ ÓêÑÓåß #teamjesus ÓêùÓÅé #YMCMB #teamfollowback ÓêÑÓåß #teamBelieber ,236,747,Fri Jul 27 21:44:58 +0000 2012,1348699252.0,,,,,,,,
251028584200798208,,Looking through @iSuckedCJ tweets... Why do these bieber fans act like bitches? We Stan Chris and you Stan Justin. Stfu and eat noodles.,"<a href=""http://twitter.com/download/iphone"" rel=""nofollow"">Twitter for iPhone</a>",g0ldencherry,o f w g k t ‚ñ≤ ,EARTH ‚òØ,"He's the reason I am here today. He's my inspiration, Christopher Maurice Brown ‚úå",4888,3750,Wed Feb 09 12:20:30 +0000 2011,1348699253.0,,,,,iSuckedCJ,,,
251028583995293696,251019526534209536,"RT @JieberDope: ""I just hope I get to see her grow up and hear her say that she got her first kiss from Justin Bieber."" - Justin."" CRYIN ...","<a href=""http://twitter.com/#!/download/ipad"" rel=""nofollow"">Twitter for iPad</a>",JBsW0rld,iDon'tLikeTheLights,With Justin‚ù§,"I'm his special little lady, the one that makes him crazy. just a belieber, beliebing in Bieber's world (:    07-03-12 ‚ù§",36,73,Thu Aug 30 00:15:36 +0000 2012,1348699252.0,,,,,JieberDope,,,
251028585261985795,251019752493961217,"RT @SpongieGomez: At least Avalanna dreams came true before she passed away. She got to marry Justin Bieber, and she got her first kiss  ...",web,SofiaGmz,Hoy WOO HOO! ‚ô°,"Monterrey, Nuevo Leon, Mexico",Jonatic | Selenator | Lovatic | Directioner Big Time Rush Justin Bieber Maroon 5 Cody Simpson Kardashian's Jenner's ‚ô•,2233,1666,Sat Feb 20 04:06:41 +0000 2010,1348699253.0,,,,,SpongieGomez,,,
251028586637717504,,@xavimartinez ¬øPodriais poner en Euroclub Be alright De Justin Bieber en homenaje a Avalanna la ni√±a Belieber de 6 a√±os que muri√≥ de cancer?,"<a href=""http://twitter.com/download/android"" rel=""nofollow"">Twitter for Android</a>",Sofia_Always15,Sofia HappyEnds,Burgos,Follow me and I follow back. #HalaMadrid.#misatropellaus #Belieber. Seguidora compulsiva de #PulserasRojas. Nada es imposible si nunca te das por vencido~,118,261,Sun Aug 29 07:35:14 +0000 2010,1348699253.0,,,,,xavimartinez,,,
251028586562215938,251020454314274817,"RT @babyjbieber: ""Everytime I leave Avalanna, I'm afraid that day was the last day I see her"" - Justin Bieber. :( RIP Avalanna","<a href=""http://twitter.com/download/iphone"" rel=""nofollow"">Twitter for iPhone</a>",DaniellaGalvan2,Daniella Sanders ,with DMATB ‚ù§,"Dedicated to a 16 year old boy from San Antonio, in love with a bad boy rapper from Atlanta, & inspried by a boy that maked me Believe ‚ù§",820,826,Mon May 28 23:54:15 +0000 2012,1348699253.0,,,,,babyjbieber,,,
251028586742554624,251020258964566016,RT @HuffingtonPost: Sad news: Justin Bieber's most adorable fan just lost her fight with brain cancer #RIPAvalanna http://t.co/uDXImQ7n,"<a href=""http://twitter.com/download/android"" rel=""nofollow"">Twitter for Android</a>",OohhJazzy,Jasmine,,19. Obsessed with shopping & the color pink. #teamAries ;). Unexplainable love for Justin Bieber. I'm gonna be rich one day.,90,128,Tue Aug 28 16:01:55 +0000 2012,1348699253.0,RIPAvalanna,,http://t.co/uDXImQ7n,,HuffingtonPost,,,
251028586956468224,251025181005447168,"RT @SwagForKidrauhl: At least Avalanna dreams came true before she passed away. She got to marry Justin Bieber, and she got her first ki ...","<a href=""http://twitter.com/download/iphone"" rel=""nofollow"">Twitter for iPhone</a>",Sweet_Reta,Cereta Newton,,- You Could Call Me Reta.... Im Just A Simple Girl -Follow Me On Instagram @sweet_reta,59,111,Mon Jun 25 09:37:13 +0000 2012,1348699253.0,,,,,SwagForKidrauhl,,,
251028587707240448,251018014659600386,"RT @BiebsStyle: ""Avalanna is losing her capacity to talk, and I swear if I could make a wish right now, it'd be make cancer disappear.""  ...","<a href=""http://twitter.com/download/android"" rel=""nofollow"">Twitter for Android</a>",BeautyAGrande,Sarah & Azzy. ‚ôî,I love @kidrauhlmyshine ‚ô•,"Fangirling about Ariana, Justin & 1D. ‚ô• {madison followed 08/13/12. Met 1D 9/22/12. Best day of my life.‚ô•} ",1640,1228,Sat Apr 16 20:28:21 +0000 2011,1348699253.0,,,,,BiebsStyle,,,
251028588940378113,251028216171601921,"RT @butshawty: ""Justin Bieber gastou 300 mil d√≥lares para tentar encontrar a cura do c√¢ncer que sua Belieber, Avalanna, tinha."" E INFELI ...",web,BieberCocaCola_,Girl do Biebs ;3,Chupando Piirulito,"Sim , sou f√£ daquele menino q bateu a cabe√ßa na parede quando tava ajeitando o cabelo , sim sou f√£ daquele menino lindo  e perfeito , sim sou f√£ do meu Kidrauhl",483,1498,Sat Jun 18 20:09:11 +0000 2011,1348699254.0,,,,,butshawty,,,
251028589951197184,,es un bofis justin bieber! jajajajaja!,web,mileycyrusjuli,Miley Ray Cyrus‚ô°,"Argentina, Buenos Aires","No me preocupo por lo que piensen y digan los dem√°s
mi modelo a seguir se llama @mileycyrus ella me ense√±o a que los sue√±os si se cumple...‚ô°",2565,2809,Fri Apr 01 22:12:56 +0000 2011,1348699254.0,,,,,,,,
251028589716307968,250951929683910656,"RT @__lookatusnow: doveva crescere,vantarsi di aver dato il suo primo bacio a justin bieber,mettere su famiglia,invecchiare dolcemente,n ...","<a href=""http://twitter.com/download/android"" rel=""nofollow"">Twitter for Android</a>",ShawtyDe_,(Moshe)rino.,Under your bed. BUH!,Il mio zayno aveva molto styles ma l'ho perso in Louisiana o in Australiam e non vedo l'horan di riprenderlo.@justinbieber i lololove u. BG:@Goodgirlarewild. ,406,670,Wed Aug 31 09:43:15 +0000 2011,1348699254.0,,,,,__lookatusnow,,,
251028589842161664,251027126927650816,"RT @TeamOfBieber: Why are bieber haters hating on avalanna now?! What the?! It's not about Justin, it's about a little 6 yeard old girl  ...","<a href=""http://twitter.com/download/iphone"" rel=""nofollow"">Twitter for iPhone</a>",ReallySwaggiee,RIP Avalanna ‚ô°,Finland,‚ôî‚ôî CODY CHRISTIAN FOLLOWED ME 9/3/2012 ‚ôî‚ôî #NSN #BELIEVE ‚ôî I LOVE @JUSTINBIEBER AND @REALLYCODY !!!!,443,804,Sat Jul 23 17:52:05 +0000 2011,1348699254.0,,,,,TeamOfBieber,,,
251028589867302912,251027751065227264,"RT @__insecure: 'LADY GAGA E' BORN THIS WAY, JUSTIN BIEBER E' BORN TO BE SOMEBODY, IO SONO BORN TO BE UN CESS.' AHAHAHAHAHAHAHAHAH SOFFO ...","<a href=""http://messaging.nokia.com/"" rel=""nofollow"">Social by Nokia</a>",MireaFasciano,*** Unwritten ***,Far away from here c:,[15] 'No one else can speak the words on your lips' live your life for what it is and enjoy every minute of it .xxx music is all I need to live c:,214,282,Fri Jun 01 20:25:44 +0000 2012,1348699254.0,,,,,__insecure,,,
251028590676824064,,Justin Bieber es tan perfecto o_o,web,fernandachez,Rip Avalanna ‚Ä†,MX.,14. Live while we're young - Believe. | KidCudi - YMCMB - FrankOcean.,78,322,Sat Aug 21 00:36:32 +0000 2010,1348699254.0,,,,,,,,
251028591830253569,,@URGIRLFRIEND_ Tu veux bien voter s'il te plait ? &gt;&gt;&gt; http://t.co/TgGsOmYL D√©soler du d√©rangement ‚ô• #RIPAvalanna,web,_YeahBeliebers,RIP Avalanna ~ ‚ô•.,All Around The World,#beliebers ‚àû 19/03/13 ‚Üí #BELIEVEtour | Justin followed me 22/07. ‚ô•,5258,87,Mon Aug 01 10:37:49 +0000 2011,1348699254.0,RIPAvalanna,,http://t.co/TgGsOmYL,,URGIRLFRIEND_,,,
251028591947681793,251026697607061504,"RT @joearmstrong22: why would i respect justin bieber? what has he done to me to earn my respect? Nothing, but i respect these guys. htt ...","<a href=""http://twitter.com/download/iphone"" rel=""nofollow"">Twitter for iPhone</a>",claire_flanagan,Clairey,,"ClaireFlanagan/15/Milton Keynes/half Irish-miss ireland like crazy/i love music/dm me, i dont bite, unless you look tasty/ #teamfollowback",444,466,Sat Aug 18 00:07:46 +0000 2012,1348699254.0,,,,,joearmstrong22,,,
